Geoffrey;Goudreau;GeoffreyGoudreau@pookmail.com;05.05.58.07.39;5517222900791133;;;384;2011
Catherine;Cousteau;CatherineCousteau@dodgit.com;03.55.26.68.55;4485371342225647;;;468;2007
Ormazd;Vallée;OrmazdVallee@trashymail.com;03.42.60.71.47;4916392261198325;;;333;2002
Pomeroy;Davignon;PomeroyDavignon@dodgit.com;05.28.23.64.67;4556477624271102;;;344;2006
Leverett;Larivière;LeverettLariviere@trashymail.com;02.44.86.40.11;4716004532927281;;;377;2011
Forrest;Duperré;ForrestDuperre@trashymail.com;02.00.27.14.60;5139140046769763;;;490;2009
Arber;Gamache;ArberGamache@spambob.com;03.12.33.81.45;5468497991265382;;;463;2009
Alphonsine;Gamelin;AlphonsineGamelin@trashymail.com;01.75.84.44.17;4916877199087335;;;492;2002
Turner;Dubois;TurnerDubois@pookmail.com;02.40.30.74.62;5367911505621247;;;327;2007
Eloise;Lebrun;EloiseLebrun@pookmail.com;01.59.15.20.56;5415631042369652;;;199;2003
Vedette;Bussière;VedetteBussiere@mailinator.com;04.89.90.00.78;4916157343264969;;;393;2007
Oriel;Perillard;OrielPerillard@spambob.com;01.76.59.91.13;4539995263690102;;;256;2000
Brice;Lagacé;BriceLagace@mailinator.com;05.61.66.52.90;4929447631828160;;;147;2011
Denis;Richer;DenisRicher@pookmail.com;04.34.23.21.33;5417652634272334;;;146;2007
Sacripant;Babin;SacripantBabin@spambob.com;05.81.03.59.39;5197684236372531;;;480;2001
Manville;Gamache;ManvilleGamache@mailinator.com;04.41.69.16.65;5109328673443028;;;408;2007
Arthur;Lemelin;ArthurLemelin@dodgit.com;01.89.05.27.09;4556948444149561;;;227;2007
Loyal;Durepos;LoyalDurepos@pookmail.com;05.83.69.27.63;5483028709625525;;;435;2007
Arianne;Jacques;ArianneJacques@mailinator.com;01.03.77.74.50;5133050076022528;;;29;2009
Aubrette;Morel;AubretteMorel@pookmail.com;04.59.51.75.19;4556849216667360;;;483;2000
Normand;Quinn;NormandQuinn@dodgit.com;01.14.57.10.85;5184531486905681;;;220;2004
Yvette;Bouchard;YvetteBouchard@pookmail.com;03.46.10.05.43;5289787917470497;;;193;2003
Verney;Riel;VerneyRiel@pookmail.com;01.79.34.77.57;5530160605578137;;;159;2003
Lorraine;Daviau;LorraineDaviau@dodgit.com;02.10.66.51.30;5461563916199605;;;366;2004
Melville;Jodoin;MelvilleJodoin@trashymail.com;01.76.43.09.73;5397069565426819;;;370;2006
Camille;Bizier;CamilleBizier@mailinator.com;02.81.09.13.10;4539489344046138;;;324;2000
Carolos;Bilodeau;CarolosBilodeau@trashymail.com;04.56.94.32.42;4916927888602116;;;223;2000
Sibyla;Pouchard;SibylaPouchard@pookmail.com;01.19.18.32.95;5408172606669608;;;11;2003
Demi;Guérette;DemiGuerette@pookmail.com;01.15.71.29.64;5578309365896196;;;72;2011
Fanette;Lagrange;FanetteLagrange@mailinator.com;03.10.46.10.08;4485903143139690;;;128;2008
Rosemarie;Béland;RosemarieBeland@pookmail.com;02.31.53.64.94;5461145336543578;;;106;2004
Iven;Voisine;IvenVoisine@spambob.com;04.59.86.49.45;5416955684687496;;;174;2001
Tilly;Douffet;TillyDouffet@spambob.com;03.05.87.41.68;4716793502501809;;;60;2010
Aimée;Petrie;AimeePetrie@pookmail.com;01.79.68.59.79;4539218632305066;;;442;2007
Victoire;Arsenault;VictoireArsenault@spambob.com;03.48.05.35.57;4929792360065215;;;126;2000
Maslin;Forest;MaslinForest@pookmail.com;04.99.99.04.08;5485887688187478;;;494;2007
Manville;Bouchard;ManvilleBouchard@dodgit.com;02.32.71.31.01;4485740037545628;;;296;2006
Paul;Langlais;PaulLanglais@dodgit.com;03.34.44.32.23;5340788593682675;;;318;2010
Phillipa;Blais;PhillipaBlais@dodgit.com;01.07.09.12.98;5446083907420910;;;257;2001
Avelaine;Plouffe;AvelainePlouffe@spambob.com;05.07.93.04.51;5325149120626470;;;24;2002
Catherine;Bonsaint;CatherineBonsaint@spambob.com;02.90.23.49.45;4532138268634802;;;263;2008
Maryse;Baron;MaryseBaron@pookmail.com;01.08.18.91.83;5359638958443304;;;176;2003
Afrodille;Cadieux;AfrodilleCadieux@spambob.com;05.32.43.38.85;5275367113256291;;;235;2007
Daniel;Mailloux;DanielMailloux@pookmail.com;05.41.86.94.20;4556659561991962;;;401;2003
Laurence;Chevrette;LaurenceChevrette@spambob.com;05.00.43.02.45;5322029754280088;;;53;2004
Amedee;Forest;AmedeeForest@pookmail.com;05.49.46.56.68;4929847649559873;;;100;2007
La Roux;Paquin;LaRouxPaquin@pookmail.com;04.37.80.57.41;5115305431842586;;;142;2010
Ernest;Lebrun;ErnestLebrun@mailinator.com;05.82.09.87.41;5114158229910847;;;39;2002
Gaspar;Tétrault;GasparTetrault@trashymail.com;04.74.30.45.69;5151430092222830;;;238;2007
Vail;Lamare;VailLamare@dodgit.com;01.84.05.02.77;4539275390165488;;;101;2008
Seymour;Desaulniers;SeymourDesaulniers@trashymail.com;01.56.37.43.59;4556185210797097;;;3;2003
Olympia;Garreau;OlympiaGarreau@trashymail.com;03.19.99.85.83;4716539742131315;;;260;2002
Hedvige;Hébert;HedvigeHebert@spambob.com;01.17.09.33.49;5378316030745882;;;437;2001
Robert;Sorel;RobertSorel@dodgit.com;02.21.78.38.61;5366893829808414;;;496;2010
Fabien;Blanchard;FabienBlanchard@pookmail.com;03.24.29.94.32;4929953382870996;;;17;2003
Saber;Dastous;SaberDastous@mailinator.com;01.73.54.05.85;5589902025133377;;;236;2007
Pascal;Legault;PascalLegault@trashymail.com;04.10.81.43.63;5468183985083896;;;393;2009
Raison;Jetté;RaisonJette@mailinator.com;04.57.23.44.73;5503004799154672;;;241;2007
Claudette;Henrichon;ClaudetteHenrichon@trashymail.com;01.34.87.75.61;5381850970484842;;;22;2004
Clarimunda;Bazin;ClarimundaBazin@pookmail.com;05.35.20.89.91;5144262040367064;;;282;2011
Dixie;Bérard;DixieBerard@dodgit.com;05.55.42.76.02;5432577116733811;;;272;2004
Matilda;Bordeaux;MatildaBordeaux@spambob.com;01.72.32.66.94;4916028670737929;;;165;2008
Noémi;Salois;NoemiSalois@mailinator.com;04.14.56.32.81;5116620149070372;;;289;2005
Adèle;Laprise;AdeleLaprise@dodgit.com;04.14.31.44.93;4929000975096074;;;317;2008
Babette;Beauchamp;BabetteBeauchamp@spambob.com;04.37.61.31.59;4532463645193763;;;190;2009
Gabrielle;Michel;GabrielleMichel@pookmail.com;05.93.22.43.22;5470202149269286;;;196;2008
Philippine;Guérette;PhilippineGuerette@pookmail.com;03.02.46.28.73;5551272245522740;;;202;2002
Pinabel;Racicot;PinabelRacicot@dodgit.com;02.45.67.57.73;5121012502961780;;;252;2005
Frédéric;Bossé;FredericBosse@spambob.com;02.28.21.37.88;5421621884679112;;;41;2008
Cammile;Legault;CammileLegault@dodgit.com;05.63.85.87.06;4929973950230217;;;148;2011
Clementine;Patel;ClementinePatel@dodgit.com;04.25.27.88.09;4532307362960153;;;421;2001
Searlas;Massé;SearlasMasse@spambob.com;01.54.95.39.74;5287317760391772;;;391;2002
Chantal;Moquin;ChantalMoquin@trashymail.com;01.62.85.14.65;5311627581815027;;;310;2004
Holly;Devost;HollyDevost@dodgit.com;01.93.53.10.43;4556764314405821;;;110;2005
Millicent;Boileau;MillicentBoileau@mailinator.com;05.81.16.90.15;4556347722748527;;;15;2002
Sacripant;Bellemare;SacripantBellemare@spambob.com;03.75.15.26.92;4539734860413158;;;56;2008
Yvon;Pouliotte;YvonPouliotte@trashymail.com;01.21.15.17.43;5546417077835987;;;430;2008
Manville;Binet;ManvilleBinet@spambob.com;01.66.90.07.32;4532167637196672;;;486;2006
Bernard;Boutot;BernardBoutot@trashymail.com;04.06.29.17.69;5596364789373908;;;245;2007
Victorine;Bouchard;VictorineBouchard@dodgit.com;03.03.09.67.73;5541354923886572;;;62;2000
Arianne;Vaillancour;ArianneVaillancour@trashymail.com;02.24.96.21.67;4485197607674397;;;2;2010
Juliette;Faure;JulietteFaure@mailinator.com;02.52.85.24.70;4916430886740541;;;303;2010
Courtland;Sacré;CourtlandSacre@dodgit.com;02.92.69.44.51;5293136500992109;;;311;2007
Iva;Austin;IvaAustin@dodgit.com;04.64.28.69.12;5313011332341757;;;138;2001
Claude;Beaulac;ClaudeBeaulac@mailinator.com;02.68.05.89.78;4539549584096505;;;2;2010
Parnella;Gour;ParnellaGour@mailinator.com;01.78.21.00.15;5144441983383730;;;76;2008
Philippine;De La Ronde;PhilippineDeLaRonde@pookmail.com;03.16.30.17.80;4485292320677734;;;85;2003
Alexandre;Chalut;AlexandreChalut@dodgit.com;03.50.49.26.39;5390261836399308;;;369;2005
Zara;Turcotte;ZaraTurcotte@spambob.com;02.41.88.91.64;4539578974129279;;;396;2002
Françoise;Lamour;FrancoiseLamour@mailinator.com;03.24.58.06.72;5521231603529272;;;470;2011
Germain;Parenteau;GermainParenteau@dodgit.com;01.47.82.12.92;5221541446019148;;;428;2006
Benoît;Boutot;BenoitBoutot@pookmail.com;05.20.38.33.34;4532335084215754;;;102;2002
Agnès;Chenard;AgnesChenard@pookmail.com;05.93.89.66.56;4539742169350278;;;112;2008
D'Arcy;Desilets;DArcyDesilets@dodgit.com;01.39.02.39.19;5329496508651141;;;257;2011
Patience;Busque;PatienceBusque@spambob.com;05.72.51.05.99;5430482305994955;;;190;2011
Morgana;Longpré;MorganaLongpre@dodgit.com;01.78.50.64.71;4929454683688005;;;154;2002
Tyson;Renaud;TysonRenaud@dodgit.com;03.75.59.87.93;4929938019439489;;;65;2003
Belisarda;Durepos;BelisardaDurepos@trashymail.com;01.60.46.91.60;4539553722811460;;;396;2003
Valiant;Saindon;ValiantSaindon@pookmail.com;03.99.35.68.57;5105157808694385;;;162;2011
Louis;Couturier;LouisCouturier@mailinator.com;05.13.24.76.11;4532982396457796;;;31;2006
Kari;Benoit;KariBenoit@trashymail.com;02.56.56.54.66;4929021399613104;;;25;2002
Aurélie;Beaudry;AurelieBeaudry@spambob.com;02.32.66.98.15;5167001767384163;;;471;2000
Constance;Therriault;ConstanceTherriault@spambob.com;03.44.82.60.18;5429781518528507;;;395;2005
Aleron;Fortin;AleronFortin@trashymail.com;01.03.71.03.32;5237265833435053;;;70;2008
Brigitte;Émond;BrigitteEmond@trashymail.com;01.75.12.16.51;5246129316541184;;;465;2009
Corinne;Pirouet;CorinnePirouet@trashymail.com;05.88.81.17.48;4485286943088659;;;25;2005
Arnaude;Pitre;ArnaudePitre@dodgit.com;03.99.44.37.74;4539380906325582;;;29;2002
Mayhew;Marcoux;MayhewMarcoux@mailinator.com;04.48.34.36.04;5217136570783720;;;112;2006
Agathe;Binet;AgatheBinet@pookmail.com;01.12.17.49.12;4556734968699417;;;63;2006
Amabella;Lajoie;AmabellaLajoie@trashymail.com;04.28.63.66.06;5271840097457238;;;224;2011
Andrée;Labossière;AndreeLabossiere@pookmail.com;03.51.36.35.94;5519621795148937;;;114;2002
Christian;Leduc;ChristianLeduc@dodgit.com;04.82.48.43.00;5154788760369770;;;241;2002
Barry;Rivière;BarryRiviere@trashymail.com;02.70.65.13.47;5313699374620573;;;389;2008
Rive;Chartré;RiveChartre@pookmail.com;04.18.97.85.08;5510373919917586;;;468;2010
Mavise;Lafond;MaviseLafond@mailinator.com;01.85.92.51.12;5514688231908344;;;479;2011
Lyle;Trépanier;LyleTrepanier@pookmail.com;02.07.36.85.33;5334652267573255;;;361;2009
Donat;Sirois;DonatSirois@dodgit.com;04.01.24.56.66;4929331324136190;;;448;2006
Sennet;Riel;SennetRiel@mailinator.com;04.33.70.34.27;5242976465354585;;;199;2003
Zurie;Huppé;ZurieHuppe@dodgit.com;04.48.66.41.03;5297697013052190;;;62;2006
Gaston;Lejeune;GastonLejeune@pookmail.com;03.93.50.35.35;4485472203289001;;;137;2005
Jérôme;Benjamin;JeromeBenjamin@mailinator.com;01.48.81.20.81;5131078579043255;;;76;2006
Étienne;Maheu;EtienneMaheu@pookmail.com;02.97.76.76.24;4539333017631141;;;343;2002
Hugues;Séguin;HuguesSeguin@pookmail.com;04.97.54.10.52;4716626834913666;;;445;2011
Astolpho;Brian;AstolphoBrian@pookmail.com;03.83.37.55.16;4485498355980360;;;298;2009
Anne;Chicoine;AnneChicoine@spambob.com;04.16.70.33.07;4916909339257005;;;228;2011
Parnella;Lachapelle;ParnellaLachapelle@mailinator.com;02.77.28.61.85;4532135062023364;;;348;2002
Joy;Sacré;JoySacre@trashymail.com;01.67.33.72.97;5283998750018873;;;59;2004
Rachelle;Foucault;RachelleFoucault@trashymail.com;02.64.89.58.59;5375876063077183;;;118;2002
Brier;Charpie;BrierCharpie@pookmail.com;01.44.54.02.00;4539688689504862;;;196;2000
Honoré;Voisine;HonoreVoisine@mailinator.com;01.36.50.91.81;4485308661892094;;;488;2005
Eugenia;Josseaume;EugeniaJosseaume@dodgit.com;01.12.43.89.20;5466357052920246;;;3;2008
Landers;Lauzier;LandersLauzier@spambob.com;05.23.08.32.23;4485884795972580;;;58;2009
Raison;Dagenais;RaisonDagenais@spambob.com;03.19.53.54.74;5358046324379817;;;195;2007
Arridano;Jetté;ArridanoJette@dodgit.com;04.84.42.40.67;4716641881914509;;;30;2000
Thomas;Lazure;ThomasLazure@dodgit.com;04.72.83.13.77;5270109983837718;;;132;2002
Baptiste;Migneault;BaptisteMigneault@trashymail.com;01.07.36.67.85;4916280255185228;;;307;2001
Astolpho;Caouette;AstolphoCaouette@pookmail.com;01.66.04.27.88;5478929877595381;;;102;2009
Fifi;Fréchette;FifiFrechette@trashymail.com;02.82.60.04.67;4716424898309587;;;272;2004
Gustave;Massé;GustaveMasse@trashymail.com;02.69.63.44.75;4532254744197254;;;301;2009
Jay;Echeverri;JayEcheverri@spambob.com;03.56.58.08.22;5315194965264922;;;57;2001
Heloise;Chesnay;HeloiseChesnay@pookmail.com;03.12.72.31.24;5476084027060407;;;184;2003
Loyal;Laramée;LoyalLaramee@trashymail.com;04.25.52.36.89;5139709982422163;;;220;2005
Ferrau;Doiron;FerrauDoiron@spambob.com;01.34.52.20.26;5469427120284508;;;238;2009
Adèle;Varieur;AdeleVarieur@dodgit.com;02.75.42.85.68;5348771960885420;;;440;2005
Véronique;Hébert;VeroniqueHebert@mailinator.com;04.04.10.55.29;5283546361094609;;;204;2008
Leone;Vaillancour;LeoneVaillancour@spambob.com;01.61.74.47.05;4916961953350483;;;335;2003
Orva;Daigneault;OrvaDaigneault@pookmail.com;01.05.94.02.30;5204574923086521;;;483;2001
Blondelle;Richard;BlondelleRichard@spambob.com;01.91.13.27.68;4929306070286803;;;223;2007
Grégoire;Fontaine;GregoireFontaine@mailinator.com;01.22.92.28.97;5306158512278074;;;322;2000
Hortense;Marchesseault;HortenseMarchesseault@pookmail.com;04.13.47.94.34;5373877866973331;182;4/2014;;
Curtis;Covillon;CurtisCovillon@dodgit.com;01.85.42.53.15;5123066122014477;428;8/2015;;
Alita;Bousquet;AlitaBousquet@dodgit.com;01.75.84.54.29;5569559814236946;289;8/2014;;
Hedvige;Lepage;HedvigeLepage@trashymail.com;04.76.31.78.43;4532743110214768;266;12/2011;;
Bartlett;Petit;BartlettPetit@pookmail.com;05.79.75.34.90;4539919095283522;533;12/2015;;
Juliette;Bourque;JulietteBourque@dodgit.com;03.06.19.21.99;4929132522558114;341;9/2012;;
Pascal;Chrétien;PascalChretien@dodgit.com;01.33.68.89.06;5161469369611729;780;11/2013;;
Astolpho;Gendron;AstolphoGendron@mailinator.com;01.56.42.68.49;4716809990004971;505;10/2013;;
Gérard;Gamelin;GerardGamelin@trashymail.com;04.14.15.11.12;5456888587144433;642;9/2014;;
Gilles;Bolduc;GillesBolduc@trashymail.com;04.16.05.31.54;4556896562561077;447;12/2012;;
Nathalie;Racicot;NathalieRacicot@pookmail.com;01.09.95.62.20;5230776604575064;818;1/2012;;
Prewitt;Givry;PrewittGivry@trashymail.com;04.38.88.90.48;5131072831203831;943;10/2012;;
Vick;Marseau;VickMarseau@mailinator.com;02.54.31.55.35;4916207830244915;916;9/2011;;
Leroy;Pirouet;LeroyPirouet@mailinator.com;02.85.08.26.65;4532604202186480;352;11/2011;;
Océane;Bussière;OceaneBussiere@pookmail.com;03.66.14.96.52;5396070875707865;012;5/2013;;
Gaetane;Vertefeuille;GaetaneVertefeuille@spambob.com;03.13.69.14.32;5261373708463397;367;6/2014;;
Orlene;Vernadeau;OrleneVernadeau@pookmail.com;02.71.43.03.71;4485495346717570;551;2/2012;;
Arienne;Nadeau;ArienneNadeau@spambob.com;04.39.59.69.11;5219917026123019;604;2/2014;;
Parfait;Bousquet;ParfaitBousquet@pookmail.com;02.56.24.35.76;4916219039495024;861;2/2012;;
Aurélie;Chabot;AurelieChabot@dodgit.com;03.16.64.27.97;4916696595858218;584;1/2012;;
Peppin;Cailot;PeppinCailot@trashymail.com;03.87.13.17.55;5451185999371182;180;10/2014;;
Searlait;Laurent;SearlaitLaurent@dodgit.com;02.43.53.26.75;4539691322264985;393;5/2014;;
Roxanne;Lapierre;RoxanneLapierre@pookmail.com;03.49.89.08.68;5494577620501931;992;3/2012;;
Christelle;Levasseur;ChristelleLevasseur@mailinator.com;04.62.50.76.33;4532990727649593;599;2/2011;;
Huette;Couturier;HuetteCouturier@pookmail.com;03.07.25.26.98;5367660343693807;706;10/2013;;
Neville;Dupéré;NevilleDupere@dodgit.com;02.42.15.01.34;4716488732384593;295;4/2013;;
Charles;Gregoire;CharlesGregoire@pookmail.com;01.28.85.09.67;4556601036441694;513;2/2015;;
Senapus;Mazuret;SenapusMazuret@trashymail.com;04.17.65.09.63;4532405363141011;326;1/2015;;
Fayme;Bossé;FaymeBosse@dodgit.com;02.15.61.59.29;4556488589669677;749;1/2011;;
Pierpont;Méthot;PierpontMethot@pookmail.com;03.83.72.39.31;4929845844003135;305;8/2013;;
Adrienne;Coulombe;AdrienneCoulombe@pookmail.com;04.33.88.62.57;5513826274213385;712;2/2013;;
Delmare;Robitaille;DelmareRobitaille@pookmail.com;01.98.62.41.30;5364339264361875;734;4/2013;;
Eloise;Franchet;EloiseFranchet@dodgit.com;01.61.19.23.06;5560830577848089;253;2/2013;;
Colette;Varieur;ColetteVarieur@trashymail.com;03.15.71.57.04;5403568479428011;519;6/2015;;
Favor;Girard;FavorGirard@trashymail.com;03.43.17.56.90;4716494110720077;112;1/2014;;
Phillipa;Deblois;PhillipaDeblois@spambob.com;01.63.03.78.34;5249219554769527;720;9/2014;;
Lucas;Robert;LucasRobert@trashymail.com;01.18.84.02.93;5149033219482538;540;12/2015;;
Antoine;Hughes;AntoineHughes@spambob.com;01.67.29.62.94;4532409632263457;124;2/2015;;
Édith;Perillard;EdithPerillard@spambob.com;03.71.57.40.79;5430192978664120;005;6/2012;;
Jeoffroi;Laboissonnière;JeoffroiLaboissonniere@trashymail.com;03.20.72.99.57;5326080205194663;095;11/2013;;
Delmar;Potvin;DelmarPotvin@trashymail.com;03.80.30.39.02;5177382025349281;007;9/2012;;
Olivier;Ayot;OlivierAyot@spambob.com;03.46.57.64.66;4556178686522784;323;11/2012;;
Avelaine;Lang;AvelaineLang@mailinator.com;01.37.91.29.75;5127607132597526;492;7/2015;;
Raymond;Duclos;RaymondDuclos@pookmail.com;01.43.97.20.49;5277477293749128;939;2/2012;;
Danielle;Lapointe;DanielleLapointe@pookmail.com;01.27.50.06.32;5122506614649935;724;10/2013;;
Gabriel;Lachapelle;GabrielLachapelle@pookmail.com;03.12.41.61.89;4539135793391752;951;8/2013;;
Blanche;Hétu;BlancheHetu@trashymail.com;02.69.07.36.08;5471522032937155;023;8/2013;;
Lirienne;Vadeboncoeur;LirienneVadeboncoeur@mailinator.com;03.43.56.27.21;5319556086613136;914;5/2013;;
Franck;Riel;FranckRiel@trashymail.com;04.80.84.17.92;4539662176390259;021;12/2014;;
Adèle;Brisette;AdeleBrisette@mailinator.com;01.06.28.94.17;4532988116722575;142;4/2013;;
Stéphanie;Gaillard;StephanieGaillard@trashymail.com;05.03.29.46.16;5115939826286007;793;9/2011;;
Onfroi;Givry;OnfroiGivry@dodgit.com;03.39.99.76.34;5391610238042438;207;12/2014;;
Rabican;Caya;RabicanCaya@spambob.com;05.25.13.71.40;5312365768622622;254;9/2013;;
Chapin;Guertin;ChapinGuertin@spambob.com;02.89.05.72.56;5213414813897837;386;4/2011;;
Landers;Jobin;LandersJobin@mailinator.com;05.01.52.13.78;4716247272413984;440;4/2012;;
Amorette;Laramée;AmoretteLaramee@dodgit.com;05.09.06.61.35;4556178484315704;483;5/2013;;
Frédéric;Lebel;FredericLebel@mailinator.com;02.34.20.24.87;5235658810786302;707;4/2011;;
Alexandrin;Abril;AlexandrinAbril@pookmail.com;05.96.61.22.74;4532925274663597;592;1/2012;;
Louise;Noël;LouiseNoel@trashymail.com;01.02.82.91.32;4485160322887728;600;6/2011;;
Édith;Béland;EdithBeland@dodgit.com;05.86.77.74.74;4532551846677806;450;1/2015;;
Oliver;Laberge;OliverLaberge@trashymail.com;04.57.61.95.79;5599150772554845;587;6/2011;;
Vick;Bolduc;VickBolduc@dodgit.com;02.84.61.99.66;4539984187758104;661;6/2013;;
Étienne;Pouchard;EtiennePouchard@trashymail.com;04.47.17.18.57;5113579091450557;127;7/2013;;
Seymour;Narcisse;SeymourNarcisse@pookmail.com;03.00.74.24.54;4916918608819254;082;2/2013;;
Anaïs;Arcouet;AnaisArcouet@dodgit.com;01.18.90.83.86;4539499016694834;322;9/2015;;
Marcel;Barrière;MarcelBarriere@dodgit.com;04.97.52.13.43;4556218443262934;557;3/2014;;
Germain;Petit;GermainPetit@dodgit.com;01.48.50.06.01;5454515298081867;130;12/2015;;
Donatien;Desjardins;DonatienDesjardins@trashymail.com;01.15.65.13.98;5192864253894006;147;9/2015;;
Jesper;Noël;JesperNoel@pookmail.com;02.00.12.47.42;4485263906523808;560;7/2014;;
Rule;Leblanc;RuleLeblanc@spambob.com;05.49.83.40.30;4539657886765311;238;9/2012;;
Hardouin;Lafrenière;HardouinLafreniere@pookmail.com;04.68.39.61.17;5222966920333559;967;2/2014;;
Mallory;Gosselin;MalloryGosselin@dodgit.com;05.28.06.50.47;5397938320978647;723;3/2015;;
Gifford;Vincent;GiffordVincent@dodgit.com;05.10.57.08.56;5398101036979297;802;7/2012;;
Eustache;Boisvert;EustacheBoisvert@mailinator.com;02.26.19.74.75;5533422646858325;099;10/2012;;
Frédérique;Alexandre;FrederiqueAlexandre@mailinator.com;03.24.40.10.73;4556163209899760;323;4/2011;;
Prunella;Daoust;PrunellaDaoust@trashymail.com;03.95.53.69.23;5159999862894095;503;1/2013;;
Ninette;Blanc;NinetteBlanc@trashymail.com;03.09.23.42.14;4485752981747894;673;8/2015;;
Sylvie;Perreault;SylviePerreault@spambob.com;02.68.63.07.88;4929694658786686;261;4/2012;;
Soren;Pouliotte;SorenPouliotte@dodgit.com;01.55.55.58.51;5242060453690548;213;10/2012;;
Marie;Leroy;MarieLeroy@mailinator.com;01.42.56.52.41;4532850783637033;150;8/2013;;
Prunella;Lessard;PrunellaLessard@dodgit.com;02.11.06.20.04;4485885659690556;241;9/2014;;
Patrick;Dupuis;PatrickDupuis@spambob.com;03.24.08.30.85;5171384908611957;437;1/2011;;
Astolpho;Plourde;AstolphoPlourde@dodgit.com;03.27.91.75.32;4929786508751389;885;9/2012;;
Gifford;Desrosiers;GiffordDesrosiers@mailinator.com;05.01.44.39.02;5562218192120910;024;11/2011;;
Baptiste;Bernard;BaptisteBernard@trashymail.com;02.01.48.73.15;5561335098816911;299;2/2014;;
Eulalie;Doucet;EulalieDoucet@pookmail.com;01.28.38.82.26;5337550866797803;970;4/2014;;
Julie;Leroux;JulieLeroux@spambob.com;04.76.91.79.63;4532948331964246;121;10/2013;;
Christelle;Lagrange;ChristelleLagrange@mailinator.com;04.85.29.15.94;4532160784854276;116;11/2014;;
Lance;Reault;LanceReault@spambob.com;01.42.97.25.18;5223180357081900;888;10/2013;;
Marveille;Grignon;MarveilleGrignon@trashymail.com;01.88.80.95.33;5300662457350653;888;4/2012;;
Roslyn;Deserres;RoslynDeserres@pookmail.com;05.81.07.70.44;4929427224877162;486;8/2012;;
Brice;Lagacé;BriceLagace@mailinator.com;03.57.81.03.23;4539842760060910;672;11/2015;;
Cher;Rocheleau;CherRocheleau@dodgit.com;02.99.89.35.54;4716223793255659;646;10/2011;;
Auda;Dandonneau;AudaDandonneau@trashymail.com;01.93.15.97.11;4539044638690313;872;7/2012;;
Evrard;Gaudreau;EvrardGaudreau@mailinator.com;01.14.25.02.27;4929256844694891;588;12/2013;;
Agrican;Begin;AgricanBegin@mailinator.com;02.98.06.43.86;4929664755816967;292;10/2012;;
Roslyn;Davignon;RoslynDavignon@pookmail.com;01.77.22.66.20;4929900536008122;868;7/2013;;
Christabel;Chouinard;ChristabelChouinard@pookmail.com;01.08.14.79.12;5193183225238773;784;6/2014;;
Arno;Therriault;ArnoTherriault@pookmail.com;04.58.73.86.93;5245815098468056;373;4/2014;;
Dorothée;Sacré;DorotheeSacre@pookmail.com;03.85.12.04.56;4556294652114025;106;10/2011;;
Warrane;Benoit;WarraneBenoit@dodgit.com;01.88.45.40.37;5111499512142356;871;1/2012;;
Huette;Brian;HuetteBrian@mailinator.com;01.66.19.69.87;5213791871129991;061;7/2013;;
Pénélope;Fugère;PenelopeFugere@pookmail.com;05.72.09.67.88;4916336995983114;174;2/2013;;
Raymond;Faubert;RaymondFaubert@pookmail.com;03.08.24.99.84;4485110639384737;864;7/2013;;
Aubrette;Lebrun;AubretteLebrun@pookmail.com;04.32.62.85.67;4532095866991788;302;3/2014;;
Crescent;Leclair;CrescentLeclair@trashymail.com;01.38.31.83.72;5129210303560353;234;9/2015;;
Morgana;Courtemanche;MorganaCourtemanche@pookmail.com;01.72.29.17.21;5481689309551296;640;8/2015;;
Raison;Sarrazin;RaisonSarrazin@trashymail.com;05.06.00.69.94;4556859723305065;634;8/2014;;
Fanchon;Clavette;FanchonClavette@dodgit.com;03.97.34.53.35;4716640785826678;908;3/2014;;
Yolette;Bériault;YoletteBeriault@spambob.com;01.33.50.68.07;5589143691834143;421;11/2015;;
Javier;Brousseau;JavierBrousseau@trashymail.com;04.79.99.46.07;5389920080228926;393;11/2012;;
Harriette;Brousse;HarrietteBrousse@dodgit.com;02.99.72.54.14;4916719329010342;940;8/2013;;
Avenall;Labbé;AvenallLabbe@trashymail.com;03.15.47.01.64;5224544137384232;335;10/2011;;
Avelaine;Labrecque;AvelaineLabrecque@dodgit.com;04.12.72.04.29;4929572747531273;391;10/2011;;
Pansy;Savoie;PansySavoie@dodgit.com;05.73.78.66.79;5451380549144680;913;3/2011;;
Cheney;Béland;CheneyBeland@pookmail.com;01.76.61.31.83;5261221217776934;713;11/2014;;
Logistilla;Beaupré;LogistillaBeaupre@dodgit.com;02.77.72.35.04;5198125548464938;738;12/2011;;
Valiant;Bourgouin;ValiantBourgouin@trashymail.com;01.10.52.49.82;5140552638073221;342;12/2011;;
Donat;Binet;DonatBinet@pookmail.com;01.67.67.47.79;5371392095302866;251;5/2014;;
Mirabelle;Blanchard;MirabelleBlanchard@pookmail.com;01.12.15.83.02;4485467732573511;878;2/2013;;
Léon;Busque;LeonBusque@dodgit.com;02.92.94.60.51;5209967749824585;357;5/2014;;
Davet;Léveillé;DavetLeveille@dodgit.com;03.30.47.31.88;4916120810624560;161;2/2012;;
Ansel;Lebrun;AnselLebrun@pookmail.com;04.15.42.22.16;4539778658377125;604;2/2014;;
Alexandre;Dubé;AlexandreDube@pookmail.com;01.36.54.51.97;4539057348941909;796;11/2012;;
Adrienne;Croteau;AdrienneCroteau@dodgit.com;01.53.93.87.73;5470948640933701;418;2/2014;;
Patricia;Frappier;PatriciaFrappier@spambob.com;05.20.75.26.16;5532877133451952;358;8/2011;;
Sidney;Varieur;SidneyVarieur@pookmail.com;01.04.90.67.83;4716356948221059;320;1/2012;;
Vernon;Rochefort;VernonRochefort@pookmail.com;01.46.79.43.82;5396704464926896;210;7/2015;;
Nicolas;Meilleur;NicolasMeilleur@dodgit.com;05.59.48.00.09;5447471674438547;677;4/2012;;
Aimé;Laisné;AimeLaisne@mailinator.com;05.48.11.33.35;4532539635778372;783;4/2012;;
Fabienne;Dumont;FabienneDumont@spambob.com;04.14.45.28.84;5410355250578854;943;6/2013;;
Mathilde;Pariseau;MathildePariseau@dodgit.com;03.33.87.60.36;4716822434473884;112;7/2012;;
Nicole;Étoile;NicoleEtoile@spambob.com;01.64.07.26.62;5416421545866811;176;1/2011;;
Creissant;Truchon;CreissantTruchon@dodgit.com;01.23.08.09.93;5243582564669144;297;5/2015;;
Fletcher;Cormier;FletcherCormier@trashymail.com;02.27.80.17.41;4485173649899607;262;6/2011;;
Seymour;Arsenault;SeymourArsenault@spambob.com;01.39.91.00.56;4556404474807488;662;2/2012;;
Melisande;Louis;MelisandeLouis@dodgit.com;01.48.36.40.50;5172580250404938;291;6/2014;;
Sargent;Charpentier;SargentCharpentier@mailinator.com;01.72.00.75.04;5578968356116342;548;2/2015;;
Vincent;Majory;VincentMajory@trashymail.com;05.06.07.65.01;5557303060941931;671;12/2013;;
Jewel;Caron;JewelCaron@mailinator.com;04.05.87.09.16;5401946709540908;980;4/2011;;
Honore;Paimboeuf;HonorePaimboeuf@trashymail.com;03.50.11.62.17;5339357665946450;048;11/2012;;
Malagigi;Brunault;MalagigiBrunault@spambob.com;01.37.51.35.65;4929226638924531;192;3/2011;;
Adélaïde;Baril;AdelaideBaril@spambob.com;01.07.23.58.47;4716006867895884;685;11/2014;;
Odelette;Lizotte;OdeletteLizotte@mailinator.com;04.30.19.24.96;5267692882859342;832;12/2014;;
Mercer;Senneville;MercerSenneville@mailinator.com;01.63.79.68.74;5113692172075712;858;3/2012;;
Tearlach;Parent;TearlachParent@trashymail.com;03.71.80.33.98;4485774577690023;225;8/2012;;
Véronique;Labbé;VeroniqueLabbe@trashymail.com;02.16.51.11.47;5386711969405534;012;6/2015;;
Avice;Babin;AviceBabin@mailinator.com;01.24.39.77.71;4485355620670285;412;7/2015;;
Eglantine;Cormier;EglantineCormier@trashymail.com;01.45.81.80.17;5580738705549477;341;8/2012;;
Bradamate;Auberjonois;BradamateAuberjonois@pookmail.com;01.99.44.40.70;4716108095676969;641;3/2013;;
Rosemarie;Paquette;RosemariePaquette@mailinator.com;01.21.24.73.02;4916540624932786;199;5/2013;;
